Series Name,Series Code,Country Name,Country Code,internet_variable
Secure Internet servers,IT.NET.SECR,Afghanistan,AFG,1362
Secure Internet servers,IT.NET.SECR,Albania,ALB,2511
Secure Internet servers,IT.NET.SECR,Algeria,DZA,2106
Secure Internet servers,IT.NET.SECR,American Samoa,ASM,12
Secure Internet servers,IT.NET.SECR,Andorra,AND,751
Secure Internet servers,IT.NET.SECR,Angola,AGO,660
Secure Internet servers,IT.NET.SECR,Antigua and Barbuda,ATG,122
Secure Internet servers,IT.NET.SECR,Argentina,ARG,167248
Secure Internet servers,IT.NET.SECR,Armenia,ARM,1741
Secure Internet servers,IT.NET.SECR,Aruba,ABW,169
Secure Internet servers,IT.NET.SECR,Australia,AUS,1022449
Secure Internet servers,IT.NET.SECR,Austria,AUT,301414
Secure Internet servers,IT.NET.SECR,Azerbaijan,AZE,3021
Secure Internet servers,IT.NET.SECR,"Bahamas, The",BHS,496
Secure Internet servers,IT.NET.SECR,Bahrain,BHR,667
Secure Internet servers,IT.NET.SECR,Bangladesh,BGD,23085
Secure Internet servers,IT.NET.SECR,Barbados,BRB,298
Secure Internet servers,IT.NET.SECR,Belarus,BLR,70824
Secure Internet servers,IT.NET.SECR,Belgium,BEL,279411
Secure Internet servers,IT.NET.SECR,Belize,BLZ,52225
Secure Internet servers,IT.NET.SECR,Benin,BEN,226
Secure Internet servers,IT.NET.SECR,Bermuda,BMU,484
Secure Internet servers,IT.NET.SECR,Bhutan,BTN,527
Secure Internet servers,IT.NET.SECR,Bolivia,BOL,2452
Secure Internet servers,IT.NET.SECR,Bosnia and Herzegovina,BIH,10382
Secure Internet servers,IT.NET.SECR,Botswana,BWA,620
Secure Internet servers,IT.NET.SECR,Brazil,BRA,656211
Secure Internet servers,IT.NET.SECR,British Virgin Islands,VGB,22408
Secure Internet servers,IT.NET.SECR,Brunei Darussalam,BRN,6890
Secure Internet servers,IT.NET.SECR,Bulgaria,BGR,333361
Secure Internet servers,IT.NET.SECR,Burkina Faso,BFA,125
Secure Internet servers,IT.NET.SECR,Burundi,BDI,103
Secure Internet servers,IT.NET.SECR,Cabo Verde,CPV,99
Secure Internet servers,IT.NET.SECR,Cambodia,KHM,3152
Secure Internet servers,IT.NET.SECR,Cameroon,CMR,444
Secure Internet servers,IT.NET.SECR,Canada,CAN,1515773
Secure Internet servers,IT.NET.SECR,Cayman Islands,CYM,2002
Secure Internet servers,IT.NET.SECR,Central African Republic,CAF,6
Secure Internet servers,IT.NET.SECR,Chad,TCD,21
Secure Internet servers,IT.NET.SECR,Channel Islands,CHI,..
Secure Internet servers,IT.NET.SECR,Chile,CHL,246876
Secure Internet servers,IT.NET.SECR,China,CHN,1338370
Secure Internet servers,IT.NET.SECR,Colombia,COL,20646
Secure Internet servers,IT.NET.SECR,Comoros,COM,8
Secure Internet servers,IT.NET.SECR,"Congo, Dem. Rep.",COD,345
Secure Internet servers,IT.NET.SECR,"Congo, Rep.",COG,46
Secure Internet servers,IT.NET.SECR,Costa Rica,CRI,6722
Secure Internet servers,IT.NET.SECR,Cote d'Ivoire,CIV,1493
Secure Internet servers,IT.NET.SECR,Croatia,HRV,90474
Secure Internet servers,IT.NET.SECR,Cuba,CUB,775
Secure Internet servers,IT.NET.SECR,Curacao,CUW,735
Secure Internet servers,IT.NET.SECR,Cyprus,CYP,30171
Secure Internet servers,IT.NET.SECR,Czechia,CZE,723194
Secure Internet servers,IT.NET.SECR,Denmark,DNK,1615776
Secure Internet servers,IT.NET.SECR,Djibouti,DJI,49
Secure Internet servers,IT.NET.SECR,Dominica,DMA,3378
Secure Internet servers,IT.NET.SECR,Dominican Republic,DOM,1375
Secure Internet servers,IT.NET.SECR,Ecuador,ECU,6711
Secure Internet servers,IT.NET.SECR,"Egypt, Arab Rep.",EGY,4503
Secure Internet servers,IT.NET.SECR,El Salvador,SLV,876
Secure Internet servers,IT.NET.SECR,Equatorial Guinea,GNQ,47
Secure Internet servers,IT.NET.SECR,Eritrea,ERI,3
Secure Internet servers,IT.NET.SECR,Estonia,EST,112151
Secure Internet servers,IT.NET.SECR,Eswatini,SWZ,128
Secure Internet servers,IT.NET.SECR,Ethiopia,ETH,654
Secure Internet servers,IT.NET.SECR,Faroe Islands,FRO,294
Secure Internet servers,IT.NET.SECR,Fiji,FJI,238
Secure Internet servers,IT.NET.SECR,Finland,FIN,451490
Secure Internet servers,IT.NET.SECR,France,FRA,2440930
Secure Internet servers,IT.NET.SECR,French Polynesia,PYF,345
Secure Internet servers,IT.NET.SECR,Gabon,GAB,98
Secure Internet servers,IT.NET.SECR,"Gambia, The",GMB,70
Secure Internet servers,IT.NET.SECR,Georgia,GEO,13020
Secure Internet servers,IT.NET.SECR,Germany,DEU,8109646
Secure Internet servers,IT.NET.SECR,Ghana,GHA,1846
Secure Internet servers,IT.NET.SECR,Gibraltar,GIB,757
Secure Internet servers,IT.NET.SECR,Greece,GRC,95300
Secure Internet servers,IT.NET.SECR,Greenland,GRL,232
Secure Internet servers,IT.NET.SECR,Grenada,GRD,65
Secure Internet servers,IT.NET.SECR,Guam,GUM,176
Secure Internet servers,IT.NET.SECR,Guatemala,GTM,1798
Secure Internet servers,IT.NET.SECR,Guinea,GIN,89
Secure Internet servers,IT.NET.SECR,Guinea-Bissau,GNB,6
Secure Internet servers,IT.NET.SECR,Guyana,GUY,48
Secure Internet servers,IT.NET.SECR,Haiti,HTI,87
Secure Internet servers,IT.NET.SECR,Honduras,HND,985
Secure Internet servers,IT.NET.SECR,"Hong Kong SAR, China",HKG,528380
Secure Internet servers,IT.NET.SECR,Hungary,HUN,319932
Secure Internet servers,IT.NET.SECR,Iceland,ISL,27673
Secure Internet servers,IT.NET.SECR,India,IND,662298
Secure Internet servers,IT.NET.SECR,Indonesia,IDN,513564
Secure Internet servers,IT.NET.SECR,"Iran, Islamic Rep.",IRN,203430
Secure Internet servers,IT.NET.SECR,Iraq,IRQ,719
Secure Internet servers,IT.NET.SECR,Ireland,IRL,577386
Secure Internet servers,IT.NET.SECR,Isle of Man,IMN,1105
Secure Internet servers,IT.NET.SECR,Israel,ISR,113823
Secure Internet servers,IT.NET.SECR,Italy,ITA,1229028
Secure Internet servers,IT.NET.SECR,Jamaica,JAM,475
Secure Internet servers,IT.NET.SECR,Japan,JPN,2884902
Secure Internet servers,IT.NET.SECR,Jordan,JOR,1385
Secure Internet servers,IT.NET.SECR,Kazakhstan,KAZ,62033
Secure Internet servers,IT.NET.SECR,Kenya,KEN,12876
Secure Internet servers,IT.NET.SECR,Kiribati,KIR,5
Secure Internet servers,IT.NET.SECR,"Korea, Dem. People's Rep.",PRK,2
Secure Internet servers,IT.NET.SECR,"Korea, Rep.",KOR,307856
Secure Internet servers,IT.NET.SECR,Kosovo,XKX,..
Secure Internet servers,IT.NET.SECR,Kuwait,KWT,1770
Secure Internet servers,IT.NET.SECR,Kyrgyz Republic,KGZ,2771
Secure Internet servers,IT.NET.SECR,Lao PDR,LAO,384
Secure Internet servers,IT.NET.SECR,Latvia,LVA,38634
Secure Internet servers,IT.NET.SECR,Lebanon,LBN,1838
Secure Internet servers,IT.NET.SECR,Lesotho,LSO,150
Secure Internet servers,IT.NET.SECR,Liberia,LBR,31
Secure Internet servers,IT.NET.SECR,Libya,LBY,5093
Secure Internet servers,IT.NET.SECR,Liechtenstein,LIE,2000
Secure Internet servers,IT.NET.SECR,Lithuania,LTU,131718
Secure Internet servers,IT.NET.SECR,Luxembourg,LUX,28308
Secure Internet servers,IT.NET.SECR,"Macao SAR, China",MAC,3920
Secure Internet servers,IT.NET.SECR,Madagascar,MDG,286
Secure Internet servers,IT.NET.SECR,Malawi,MWI,324
Secure Internet servers,IT.NET.SECR,Malaysia,MYS,242565
Secure Internet servers,IT.NET.SECR,Maldives,MDV,578
Secure Internet servers,IT.NET.SECR,Mali,MLI,217
Secure Internet servers,IT.NET.SECR,Malta,MLT,7445
Secure Internet servers,IT.NET.SECR,Marshall Islands,MHL,61
Secure Internet servers,IT.NET.SECR,Mauritania,MRT,65
Secure Internet servers,IT.NET.SECR,Mauritius,MUS,1158
Secure Internet servers,IT.NET.SECR,Mexico,MEX,41615
Secure Internet servers,IT.NET.SECR,"Micronesia, Fed. Sts.",FSM,21
Secure Internet servers,IT.NET.SECR,Moldova,MDA,14705
Secure Internet servers,IT.NET.SECR,Monaco,MCO,752
Secure Internet servers,IT.NET.SECR,Mongolia,MNG,5687
Secure Internet servers,IT.NET.SECR,Montenegro,MNE,487
Secure Internet servers,IT.NET.SECR,Morocco,MAR,16219
Secure Internet servers,IT.NET.SECR,Mozambique,MOZ,918
Secure Internet servers,IT.NET.SECR,Myanmar,MMR,765
Secure Internet servers,IT.NET.SECR,Namibia,NAM,544
Secure Internet servers,IT.NET.SECR,Nauru,NRU,4
Secure Internet servers,IT.NET.SECR,Nepal,NPL,6096
Secure Internet servers,IT.NET.SECR,Netherlands,NLD,2387096
Secure Internet servers,IT.NET.SECR,New Caledonia,NCL,1555
Secure Internet servers,IT.NET.SECR,New Zealand,NZL,104397
Secure Internet servers,IT.NET.SECR,Nicaragua,NIC,610
Secure Internet servers,IT.NET.SECR,Niger,NER,35
Secure Internet servers,IT.NET.SECR,Nigeria,NGA,15242
Secure Internet servers,IT.NET.SECR,North Macedonia,MKD,2120
Secure Internet servers,IT.NET.SECR,Northern Mariana Islands,MNP,93
Secure Internet servers,IT.NET.SECR,Norway,NOR,209961
Secure Internet servers,IT.NET.SECR,Oman,OMN,1190
Secure Internet servers,IT.NET.SECR,Pakistan,PAK,16293
Secure Internet servers,IT.NET.SECR,Palau,PLW,17
Secure Internet servers,IT.NET.SECR,Panama,PAN,6371
Secure Internet servers,IT.NET.SECR,Papua New Guinea,PNG,..
Secure Internet servers,IT.NET.SECR,Paraguay,PRY,3391
Secure Internet servers,IT.NET.SECR,Peru,PER,15020
Secure Internet servers,IT.NET.SECR,Philippines,PHL,12444
Secure Internet servers,IT.NET.SECR,Poland,POL,954351
Secure Internet servers,IT.NET.SECR,Portugal,PRT,228378
Secure Internet servers,IT.NET.SECR,Puerto Rico,PRI,1460
Secure Internet servers,IT.NET.SECR,Qatar,QAT,1247
Secure Internet servers,IT.NET.SECR,Romania,ROU,411782
Secure Internet servers,IT.NET.SECR,Russian Federation,RUS,1923034
Secure Internet servers,IT.NET.SECR,Rwanda,RWA,1061
Secure Internet servers,IT.NET.SECR,Samoa,WSM,102
Secure Internet servers,IT.NET.SECR,San Marino,SMR,3277
Secure Internet servers,IT.NET.SECR,Sao Tome and Principe,STP,7
Secure Internet servers,IT.NET.SECR,Saudi Arabia,SAU,7977
Secure Internet servers,IT.NET.SECR,Senegal,SEN,441
Secure Internet servers,IT.NET.SECR,Serbia,SRB,64584
Secure Internet servers,IT.NET.SECR,Seychelles,SYC,6017
Secure Internet servers,IT.NET.SECR,Sierra Leone,SLE,52
Secure Internet servers,IT.NET.SECR,Singapore,SGP,729931
Secure Internet servers,IT.NET.SECR,Sint Maarten (Dutch part),SXM,41
Secure Internet servers,IT.NET.SECR,Slovak Republic,SVK,141484
Secure Internet servers,IT.NET.SECR,Slovenia,SVN,103255
Secure Internet servers,IT.NET.SECR,Solomon Islands,SLB,43
Secure Internet servers,IT.NET.SECR,Somalia,SOM,71
Secure Internet servers,IT.NET.SECR,South Africa,ZAF,855339
Secure Internet servers,IT.NET.SECR,South Sudan,SSD,46
Secure Internet servers,IT.NET.SECR,Spain,ESP,1022461
Secure Internet servers,IT.NET.SECR,Sri Lanka,LKA,8422
Secure Internet servers,IT.NET.SECR,St. Kitts and Nevis,KNA,331
Secure Internet servers,IT.NET.SECR,St. Lucia,LCA,69
Secure Internet servers,IT.NET.SECR,St. Martin (French part),MAF,15
Secure Internet servers,IT.NET.SECR,St. Vincent and the Grenadines,VCT,14
Secure Internet servers,IT.NET.SECR,Sudan,SDN,282
Secure Internet servers,IT.NET.SECR,Suriname,SUR,4164
Secure Internet servers,IT.NET.SECR,Sweden,SWE,338969
Secure Internet servers,IT.NET.SECR,Switzerland,CHE,1036600
Secure Internet servers,IT.NET.SECR,Syrian Arab Republic,SYR,686
Secure Internet servers,IT.NET.SECR,Tajikistan,TJK,880
Secure Internet servers,IT.NET.SECR,Tanzania,TZA,2281
Secure Internet servers,IT.NET.SECR,Thailand,THA,133183
Secure Internet servers,IT.NET.SECR,Timor-Leste,TLS,119
Secure Internet servers,IT.NET.SECR,Togo,TGO,219
Secure Internet servers,IT.NET.SECR,Tonga,TON,59
Secure Internet servers,IT.NET.SECR,Trinidad and Tobago,TTO,476
Secure Internet servers,IT.NET.SECR,Tunisia,TUN,3882
Secure Internet servers,IT.NET.SECR,Turkiye,TUR,570108
Secure Internet servers,IT.NET.SECR,Turkmenistan,TKM,286
Secure Internet servers,IT.NET.SECR,Turks and Caicos Islands,TCA,30
Secure Internet servers,IT.NET.SECR,Tuvalu,TUV,3
Secure Internet servers,IT.NET.SECR,Uganda,UGA,1573
Secure Internet servers,IT.NET.SECR,Ukraine,UKR,395092
Secure Internet servers,IT.NET.SECR,United Arab Emirates,ARE,13901
Secure Internet servers,IT.NET.SECR,United Kingdom,GBR,2445275
Secure Internet servers,IT.NET.SECR,United States,USA,46678110
Secure Internet servers,IT.NET.SECR,Uruguay,URY,6677
Secure Internet servers,IT.NET.SECR,Uzbekistan,UZB,16044
Secure Internet servers,IT.NET.SECR,Vanuatu,VUT,112
Secure Internet servers,IT.NET.SECR,"Venezuela, RB",VEN,5531
Secure Internet servers,IT.NET.SECR,Viet Nam,VNM,302313
Secure Internet servers,IT.NET.SECR,Virgin Islands (U.S.),VIR,69
Secure Internet servers,IT.NET.SECR,West Bank and Gaza,PSE,2573
Secure Internet servers,IT.NET.SECR,"Yemen, Rep.",YEM,169
Secure Internet servers,IT.NET.SECR,Zambia,ZMB,745
Secure Internet servers,IT.NET.SECR,Zimbabwe,ZWE,1107
Secure Internet servers,IT.NET.SECR,Africa Eastern and Southern,AFE,..
Secure Internet servers,IT.NET.SECR,Africa Western and Central,AFW,..
Secure Internet servers,IT.NET.SECR,Arab World,ARB,..
Secure Internet servers,IT.NET.SECR,Caribbean small states,CSS,..
Secure Internet servers,IT.NET.SECR,Central Europe and the Baltics,CEB,..
Secure Internet servers,IT.NET.SECR,Early-demographic dividend,EAR,..
Secure Internet servers,IT.NET.SECR,East Asia & Pacific,EAS,..
Secure Internet servers,IT.NET.SECR,East Asia & Pacific (excluding high income),EAP,..
Secure Internet servers,IT.NET.SECR,East Asia & Pacific (IDA & IBRD countries),TEA,..
Secure Internet servers,IT.NET.SECR,Euro area,EMU,..
Secure Internet servers,IT.NET.SECR,Europe & Central Asia,ECS,..
Secure Internet servers,IT.NET.SECR,Europe & Central Asia (excluding high income),ECA,..
Secure Internet servers,IT.NET.SECR,Europe & Central Asia (IDA & IBRD countries),TEC,..
Secure Internet servers,IT.NET.SECR,European Union,EUU,..
Secure Internet servers,IT.NET.SECR,Fragile and conflict affected situations,FCS,..
Secure Internet servers,IT.NET.SECR,Heavily indebted poor countries (HIPC),HPC,..
Secure Internet servers,IT.NET.SECR,High income,HIC,..
Secure Internet servers,IT.NET.SECR,IBRD only,IBD,..
Secure Internet servers,IT.NET.SECR,IDA & IBRD total,IBT,..
Secure Internet servers,IT.NET.SECR,IDA blend,IDB,..
Secure Internet servers,IT.NET.SECR,IDA only,IDX,..
Secure Internet servers,IT.NET.SECR,IDA total,IDA,..
Secure Internet servers,IT.NET.SECR,Late-demographic dividend,LTE,..
Secure Internet servers,IT.NET.SECR,Latin America & Caribbean,LCN,..
Secure Internet servers,IT.NET.SECR,Latin America & Caribbean (excluding high income),LAC,..
Secure Internet servers,IT.NET.SECR,Latin America & the Caribbean (IDA & IBRD countries),TLA,..
Secure Internet servers,IT.NET.SECR,Least developed countries: UN classification,LDC,..
Secure Internet servers,IT.NET.SECR,Low & middle income,LMY,..
Secure Internet servers,IT.NET.SECR,Low income,LIC,..
Secure Internet servers,IT.NET.SECR,Lower middle income,LMC,..
Secure Internet servers,IT.NET.SECR,Middle East & North Africa,MEA,..
Secure Internet servers,IT.NET.SECR,Middle East & North Africa (excluding high income),MNA,..
Secure Internet servers,IT.NET.SECR,Middle East & North Africa (IDA & IBRD countries),TMN,..
Secure Internet servers,IT.NET.SECR,Middle income,MIC,..
Secure Internet servers,IT.NET.SECR,North America,NAC,..
Secure Internet servers,IT.NET.SECR,Not classified,INX,..
Secure Internet servers,IT.NET.SECR,OECD members,OED,..
Secure Internet servers,IT.NET.SECR,Other small states,OSS,..
Secure Internet servers,IT.NET.SECR,Pacific island small states,PSS,..
Secure Internet servers,IT.NET.SECR,Post-demographic dividend,PST,..
Secure Internet servers,IT.NET.SECR,Pre-demographic dividend,PRE,..
Secure Internet servers,IT.NET.SECR,Small states,SST,..
Secure Internet servers,IT.NET.SECR,South Asia,SAS,..
Secure Internet servers,IT.NET.SECR,South Asia (IDA & IBRD),TSA,..
Secure Internet servers,IT.NET.SECR,Sub-Saharan Africa,SSF,..
Secure Internet servers,IT.NET.SECR,Sub-Saharan Africa (excluding high income),SSA,..
Secure Internet servers,IT.NET.SECR,Sub-Saharan Africa (IDA & IBRD countries),TSS,..
Secure Internet servers,IT.NET.SECR,Upper middle income,UMC,..
Secure Internet servers,IT.NET.SECR,World,WLD,89189073
Secure Internet servers (per 1 million people),IT.NET.P100,Afghanistan,AFG,34.8614178
Secure Internet servers (per 1 million people),IT.NET.P100,Albania,ALB,884.8250911
Secure Internet servers (per 1 million people),IT.NET.P100,Algeria,DZA,47.81789312
Secure Internet servers (per 1 million people),IT.NET.P100,American Samoa,ASM,241.15271
Secure Internet servers (per 1 million people),IT.NET.P100,Andorra,AND,9705.35022
Secure Internet servers (per 1 million people),IT.NET.P100,Angola,AGO,19.730274
Secure Internet servers (per 1 million people),IT.NET.P100,Antigua and Barbuda,ATG,1328.310433
Secure Internet servers (per 1 million people),IT.NET.P100,Argentina,ARG,3700.834872
Secure Internet servers (per 1 million people),IT.NET.P100,Armenia,ARM,587.8777646
Secure Internet servers (per 1 million people),IT.NET.P100,Aruba,ABW,1556.355733
Secure Internet servers (per 1 million people),IT.NET.P100,Australia,AUS,39862.72814
Secure Internet servers (per 1 million people),IT.NET.P100,Austria,AUT,33802.69117
Secure Internet servers (per 1 million people),IT.NET.P100,Azerbaijan,AZE,299.3127696
Secure Internet servers (per 1 million people),IT.NET.P100,"Bahamas, The",BHS,1252.958726
Secure Internet servers (per 1 million people),IT.NET.P100,Bahrain,BHR,453.0622115
Secure Internet servers (per 1 million people),IT.NET.P100,Bangladesh,BGD,138.8170433
Secure Internet servers (per 1 million people),IT.NET.P100,Barbados,BRB,1057.870485
Secure Internet servers (per 1 million people),IT.NET.P100,Belarus,BLR,7550.571687
Secure Internet servers (per 1 million people),IT.NET.P100,Belgium,BEL,24215.32102
Secure Internet servers (per 1 million people),IT.NET.P100,Belize,BLZ,133632.0277
Secure Internet servers (per 1 million people),IT.NET.P100,Benin,BEN,17.29128369
Secure Internet servers (per 1 million people),IT.NET.P100,Bermuda,BMU,7517.629151
Secure Internet servers (per 1 million people),IT.NET.P100,Bhutan,BTN,684.4102513
Secure Internet servers (per 1 million people),IT.NET.P100,Bolivia,BOL,207.5099826
Secure Internet servers (per 1 million people),IT.NET.P100,Bosnia and Herzegovina,BIH,3146.68136
Secure Internet servers (per 1 million people),IT.NET.P100,Botswana,BWA,262.0573872
Secure Internet servers (per 1 million people),IT.NET.P100,Brazil,BRA,3144.868935
Secure Internet servers (per 1 million people),IT.NET.P100,British Virgin Islands,VGB,603419.9542
Secure Internet servers (per 1 million people),IT.NET.P100,Brunei Darussalam,BRN,15399.95172
Secure Internet servers (per 1 million people),IT.NET.P100,Bulgaria,BGR,48076.18674
Secure Internet servers (per 1 million people),IT.NET.P100,Burkina Faso,BFA,5.81972178
Secure Internet servers (per 1 million people),IT.NET.P100,Burundi,BDI,8.163565516
Secure Internet servers (per 1 million people),IT.NET.P100,Cabo Verde,CPV,192.3529035
Secure Internet servers (per 1 million people),IT.NET.P100,Cambodia,KHM,188.4550477
Secure Internet servers (per 1 million people),IT.NET.P100,Cameroon,CMR,16.93973856
Secure Internet servers (per 1 million people),IT.NET.P100,Canada,CAN,39858.72436
Secure Internet servers (per 1 million people),IT.NET.P100,Cayman Islands,CYM,29147.98206
Secure Internet servers (per 1 million people),IT.NET.P100,Central African Republic,CAF,1.193643134
Secure Internet servers (per 1 million people),IT.NET.P100,Chad,TCD,1.219180921
Secure Internet servers (per 1 million people),IT.NET.P100,Channel Islands,CHI,..
Secure Internet servers (per 1 million people),IT.NET.P100,Chile,CHL,12744.86563
Secure Internet servers (per 1 million people),IT.NET.P100,China,CHN,948.4586493
Secure Internet servers (per 1 million people),IT.NET.P100,Colombia,COL,407.7819716
Secure Internet servers (per 1 million people),IT.NET.P100,Comoros,COM,9.973035406
Secure Internet servers (per 1 million people),IT.NET.P100,"Congo, Dem. Rep.",COD,3.594124463
Secure Internet servers (per 1 million people),IT.NET.P100,"Congo, Rep.",COG,7.996118753
Secure Internet servers (per 1 million people),IT.NET.P100,Costa Rica,CRI,1335.234947
Secure Internet servers (per 1 million people),IT.NET.P100,Cote d'Ivoire,CIV,51.63329817
Secure Internet servers (per 1 million people),IT.NET.P100,Croatia,HRV,23114.26634
Secure Internet servers (per 1 million people),IT.NET.P100,Cuba,CUB,69.34282862
Secure Internet servers (per 1 million people),IT.NET.P100,Curacao,CUW,4743.557474
Secure Internet servers (per 1 million people),IT.NET.P100,Cyprus,CYP,23168.41582
Secure Internet servers (per 1 million people),IT.NET.P100,Czechia,CZE,67601.75729
Secure Internet servers (per 1 million people),IT.NET.P100,Denmark,DNK,277081.8143
Secure Internet servers (per 1 million people),IT.NET.P100,Djibouti,DJI,44.33634821
Secure Internet servers (per 1 million people),IT.NET.P100,Dominica,DMA,49990.38077
Secure Internet servers (per 1 million people),IT.NET.P100,Dominican Republic,DOM,124.9057529
Secure Internet servers (per 1 million people),IT.NET.P100,Ecuador,ECU,382.4789205
Secure Internet servers (per 1 million people),IT.NET.P100,"Egypt, Arab Rep.",EGY,41.19283623
Secure Internet servers (per 1 million people),IT.NET.P100,El Salvador,SLV,140.5045621
Secure Internet servers (per 1 million people),IT.NET.P100,Equatorial Guinea,GNQ,27.38180962
Secure Internet servers (per 1 million people),IT.NET.P100,Eritrea,ERI,0.91150197
Secure Internet servers (per 1 million people),IT.NET.P100,Estonia,EST,84354.37699
Secure Internet servers (per 1 million people),IT.NET.P100,Eswatini,SWZ,107.3169178
Secure Internet servers (per 1 million people),IT.NET.P100,Ethiopia,ETH,5.499603167
Secure Internet servers (per 1 million people),IT.NET.P100,Faroe Islands,FRO,5592.436895
Secure Internet servers (per 1 million people),IT.NET.P100,Fiji,FJI,260.1198081
Secure Internet servers (per 1 million people),IT.NET.P100,Finland,FIN,81650.50891
Secure Internet servers (per 1 million people),IT.NET.P100,France,FRA,36107.83906
Secure Internet servers (per 1 million people),IT.NET.P100,French Polynesia,PYF,1235.633522
Secure Internet servers (per 1 million people),IT.NET.P100,Gabon,GAB,42.19520103
Secure Internet servers (per 1 million people),IT.NET.P100,"Gambia, The",GMB,27.82489239
Secure Internet servers (per 1 million people),IT.NET.P100,Georgia,GEO,3497.446488
Secure Internet servers (per 1 million people),IT.NET.P100,Germany,DEU,97517.56929
Secure Internet servers (per 1 million people),IT.NET.P100,Ghana,GHA,57.89046215
Secure Internet servers (per 1 million people),IT.NET.P100,Gibraltar,GIB,20927.2109
Secure Internet servers (per 1 million people),IT.NET.P100,Greece,GRC,8907.708383
Secure Internet servers (per 1 million people),IT.NET.P100,Greenland,GRL,4115.883407
Secure Internet servers (per 1 million people),IT.NET.P100,Grenada,GRD,558.7024351
Secure Internet servers (per 1 million people),IT.NET.P100,Guam,GUM,1085.361191
Secure Internet servers (per 1 million people),IT.NET.P100,Guatemala,GTM,103.5873903
Secure Internet servers (per 1 million people),IT.NET.P100,Guinea,GIN,6.656105148
Secure Internet servers (per 1 million people),IT.NET.P100,Guinea-Bissau,GNB,2.980248404
Secure Internet servers (per 1 million people),IT.NET.P100,Guyana,GUY,59.44412314
Secure Internet servers (per 1 million people),IT.NET.P100,Haiti,HTI,7.737564578
Secure Internet servers (per 1 million people),IT.NET.P100,Honduras,HND,97.33547834
Secure Internet servers (per 1 million people),IT.NET.P100,"Hong Kong SAR, China",HKG,70629.59497
Secure Internet servers (per 1 million people),IT.NET.P100,Hungary,HUN,32813.03701
Secure Internet servers (per 1 million people),IT.NET.P100,Iceland,ISL,75513.76264
Secure Internet servers (per 1 million people),IT.NET.P100,India,IND,472.187113
Secure Internet servers (per 1 million people),IT.NET.P100,Indonesia,IDN,1868.763533
Secure Internet servers (per 1 million people),IT.NET.P100,"Iran, Islamic Rep.",IRN,2318.992427
Secure Internet servers (per 1 million people),IT.NET.P100,Iraq,IRQ,17.07165143
Secure Internet servers (per 1 million people),IT.NET.P100,Ireland,IRL,115815.7991
Secure Internet servers (per 1 million people),IT.NET.P100,Isle of Man,IMN,13144.74686
Secure Internet servers (per 1 million people),IT.NET.P100,Israel,ISR,12351.79217
Secure Internet servers (per 1 million people),IT.NET.P100,Italy,ITA,20677.18301
Secure Internet servers (per 1 million people),IT.NET.P100,Jamaica,JAM,167.800705
Secure Internet servers (per 1 million people),IT.NET.P100,Japan,JPN,22848.71813
Secure Internet servers (per 1 million people),IT.NET.P100,Jordan,JOR,127.4708639
Secure Internet servers (per 1 million people),IT.NET.P100,Kazakhstan,KAZ,3184.099551
Secure Internet servers (per 1 million people),IT.NET.P100,Kenya,KEN,246.5847835
Secure Internet servers (per 1 million people),IT.NET.P100,Kiribati,KIR,39.65138502
Secure Internet servers (per 1 million people),IT.NET.P100,"Korea, Dem. People's Rep.",PRK,0.07652189
Secure Internet servers (per 1 million people),IT.NET.P100,"Korea, Rep.",KOR,5939.011123
Secure Internet servers (per 1 million people),IT.NET.P100,Kosovo,XKX,..
Secure Internet servers (per 1 million people),IT.NET.P100,Kuwait,KWT,402.2483181
Secure Internet servers (per 1 million people),IT.NET.P100,Kyrgyz Republic,KGZ,411.9468757
Secure Internet servers (per 1 million people),IT.NET.P100,Lao PDR,LAO,52.26955354
Secure Internet servers (per 1 million people),IT.NET.P100,Latvia,LVA,20328.88018
Secure Internet servers (per 1 million people),IT.NET.P100,Lebanon,LBN,322.3205395
Secure Internet servers (per 1 million people),IT.NET.P100,Lesotho,LSO,67.09227021
Secure Internet servers (per 1 million people),IT.NET.P100,Liberia,LBR,6.020045197
Secure Internet servers (per 1 million people),IT.NET.P100,Libya,LBY,722.8831185
Secure Internet servers (per 1 million people),IT.NET.P100,Liechtenstein,LIE,51412.56009
Secure Internet servers (per 1 million people),IT.NET.P100,Lithuania,LTU,47128.23605
Secure Internet servers (per 1 million people),IT.NET.P100,Luxembourg,LUX,44903.46896
Secure Internet servers (per 1 million people),IT.NET.P100,"Macao SAR, China",MAC,5719.288007
Secure Internet servers (per 1 million people),IT.NET.P100,Madagascar,MDG,9.877888574
Secure Internet servers (per 1 million people),IT.NET.P100,Malawi,MWI,16.58655973
Secure Internet servers (per 1 million people),IT.NET.P100,Malaysia,MYS,7157.514418
Secure Internet servers (per 1 million people),IT.NET.P100,Maldives,MDV,1151.123839
Secure Internet servers (per 1 million people),IT.NET.P100,Mali,MLI,9.993628026
Secure Internet servers (per 1 million people),IT.NET.P100,Malta,MLT,14446.99728
Secure Internet servers (per 1 million people),IT.NET.P100,Marshall Islands,MHL,1428.370721
Secure Internet servers (per 1 million people),IT.NET.P100,Mauritania,MRT,14.13003238
Secure Internet servers (per 1 million people),IT.NET.P100,Mauritius,MUS,914.6818282
Secure Internet servers (per 1 million people),IT.NET.P100,Mexico,MEX,328.1964548
Secure Internet servers (per 1 million people),IT.NET.P100,"Micronesia, Fed. Sts.",FSM,189.3324678
Secure Internet servers (per 1 million people),IT.NET.P100,Moldova,MDA,5580.369849
Secure Internet servers (per 1 million people),IT.NET.P100,Monaco,MCO,19763.46912
Secure Internet servers (per 1 million people),IT.NET.P100,Mongolia,MNG,1709.242956
Secure Internet servers (per 1 million people),IT.NET.P100,Montenegro,MNE,783.8327652
Secure Internet servers (per 1 million people),IT.NET.P100,Morocco,MAR,443.3333639
Secure Internet servers (per 1 million people),IT.NET.P100,Mozambique,MOZ,29.82098831
Secure Internet servers (per 1 million people),IT.NET.P100,Myanmar,MMR,14.42946408
Secure Internet servers (per 1 million people),IT.NET.P100,Namibia,NAM,199.357804
Secure Internet servers (per 1 million people),IT.NET.P100,Nauru,NRU,343.5540668
Secure Internet servers (per 1 million people),IT.NET.P100,Nepal,NPL,210.449465
Secure Internet servers (per 1 million people),IT.NET.P100,Netherlands,NLD,136862.9992
Secure Internet servers (per 1 million people),IT.NET.P100,New Caledonia,NCL,5471.961038
Secure Internet servers (per 1 million people),IT.NET.P100,New Zealand,NZL,20509.41024
Secure Internet servers (per 1 million people),IT.NET.P100,Nicaragua,NIC,92.91320521
Secure Internet servers (per 1 million people),IT.NET.P100,Niger,NER,1.475696564
Secure Internet servers (per 1 million people),IT.NET.P100,Nigeria,NGA,71.22557014
Secure Internet servers (per 1 million people),IT.NET.P100,North Macedonia,MKD,1142.165071
Secure Internet servers (per 1 million people),IT.NET.P100,Northern Mariana Islands,MNP,1956.741289
Secure Internet servers (per 1 million people),IT.NET.P100,Norway,NOR,39030.01687
Secure Internet servers (per 1 million people),IT.NET.P100,Oman,OMN,263.128975
Secure Internet servers (per 1 million people),IT.NET.P100,Pakistan,PAK,69.33139978
Secure Internet servers (per 1 million people),IT.NET.P100,Palau,PLW,955.4856115
Secure Internet servers (per 1 million people),IT.NET.P100,Panama,PAN,1483.953573
Secure Internet servers (per 1 million people),IT.NET.P100,Papua New Guinea,PNG,..
Secure Internet servers (per 1 million people),IT.NET.P100,Paraguay,PRY,513.496975
Secure Internet servers (per 1 million people),IT.NET.P100,Peru,PER,457.3888535
Secure Internet servers (per 1 million people),IT.NET.P100,Philippines,PHL,111.0265851
Secure Internet servers (per 1 million people),IT.NET.P100,Poland,POL,25181.38308
Secure Internet servers (per 1 million people),IT.NET.P100,Portugal,PRT,22178.90682
Secure Internet servers (per 1 million people),IT.NET.P100,Puerto Rico,PRI,444.9107543
Secure Internet servers (per 1 million people),IT.NET.P100,Qatar,QAT,446.2898887
Secure Internet servers (per 1 million people),IT.NET.P100,Romania,ROU,21374.33981
Secure Internet servers (per 1 million people),IT.NET.P100,Russian Federation,RUS,13239.91904
Secure Internet servers (per 1 million people),IT.NET.P100,Rwanda,RWA,81.20413564
Secure Internet servers (per 1 million people),IT.NET.P100,Samoa,WSM,481.2592005
Secure Internet servers (per 1 million people),IT.NET.P100,San Marino,SMR,94247.91487
Secure Internet servers (per 1 million people),IT.NET.P100,Sao Tome and Principe,STP,32.1935291
Secure Internet servers (per 1 million people),IT.NET.P100,Saudi Arabia,SAU,252.8166539
Secure Internet servers (per 1 million people),IT.NET.P100,Senegal,SEN,26.26685613
Secure Internet servers (per 1 million people),IT.NET.P100,Serbia,SRB,9361.18575
Secure Internet servers (per 1 million people),IT.NET.P100,Seychelles,SYC,61109.8698
Secure Internet servers (per 1 million people),IT.NET.P100,Sierra Leone,SLE,6.571831764
Secure Internet servers (per 1 million people),IT.NET.P100,Singapore,SGP,128377.7307
Secure Internet servers (per 1 million people),IT.NET.P100,Sint Maarten (Dutch part),SXM,999.8049161
Secure Internet servers (per 1 million people),IT.NET.P100,Slovak Republic,SVK,25918.38869
Secure Internet servers (per 1 million people),IT.NET.P100,Slovenia,SVN,49112.47473
Secure Internet servers (per 1 million people),IT.NET.P100,Solomon Islands,SLB,57.75703897
Secure Internet servers (per 1 million people),IT.NET.P100,Somalia,SOM,4.263959257
Secure Internet servers (per 1 million people),IT.NET.P100,South Africa,ZAF,14123.27233
Secure Internet servers (per 1 million people),IT.NET.P100,South Sudan,SSD,4.29968144
Secure Internet servers (per 1 million people),IT.NET.P100,Spain,ESP,21586.54831
Secure Internet servers (per 1 million people),IT.NET.P100,Sri Lanka,LKA,384.2328573
Secure Internet servers (per 1 million people),IT.NET.P100,St. Kitts and Nevis,KNA,7062.086623
Secure Internet servers (per 1 million people),IT.NET.P100,St. Lucia,LCA,387.0967742
Secure Internet servers (per 1 million people),IT.NET.P100,St. Martin (French part),MAF,471.9058705
Secure Internet servers (per 1 million people),IT.NET.P100,St. Vincent and the Grenadines,VCT,135.2317292
Secure Internet servers (per 1 million people),IT.NET.P100,Sudan,SDN,6.027027886
Secure Internet servers (per 1 million people),IT.NET.P100,Suriname,SUR,6800.39914
Secure Internet servers (per 1 million people),IT.NET.P100,Sweden,SWE,32739.74008
Secure Internet servers (per 1 million people),IT.NET.P100,Switzerland,CHE,120002.3107
Secure Internet servers (per 1 million people),IT.NET.P100,Syrian Arab Republic,SYR,32.58995767
Secure Internet servers (per 1 million people),IT.NET.P100,Tajikistan,TJK,90.26279809
Secure Internet servers (per 1 million people),IT.NET.P100,Tanzania,TZA,37.41012509
Secure Internet servers (per 1 million people),IT.NET.P100,Thailand,THA,1859.020676
Secure Internet servers (per 1 million people),IT.NET.P100,Timor-Leste,TLS,89.74000285
Secure Internet servers (per 1 million people),IT.NET.P100,Togo,TGO,25.26033136
Secure Internet servers (per 1 million people),IT.NET.P100,Tonga,TON,558.1624158
Secure Internet servers (per 1 million people),IT.NET.P100,Trinidad and Tobago,TTO,348.2778174
Secure Internet servers (per 1 million people),IT.NET.P100,Tunisia,TUN,324.2008953
Secure Internet servers (per 1 million people),IT.NET.P100,Turkiye,TUR,6837.083263
Secure Internet servers (per 1 million people),IT.NET.P100,Turkmenistan,TKM,41.15160019
Secure Internet servers (per 1 million people),IT.NET.P100,Turks and Caicos Islands,TCA,675.8887938
Secure Internet servers (per 1 million people),IT.NET.P100,Tuvalu,TUV,288.4892778
Secure Internet servers (per 1 million people),IT.NET.P100,Uganda,UGA,35.38238347
Secure Internet servers (per 1 million people),IT.NET.P100,Ukraine,UKR,8842.7009
Secure Internet servers (per 1 million people),IT.NET.P100,United Arab Emirates,ARE,1478.666505
Secure Internet servers (per 1 million people),IT.NET.P100,United Kingdom,GBR,36452.44511
Secure Internet servers (per 1 million people),IT.NET.P100,United States,USA,140797.3391
Secure Internet servers (per 1 million people),IT.NET.P100,Uruguay,URY,1964.419789
Secure Internet servers (per 1 million people),IT.NET.P100,Uzbekistan,UZB,477.6937503
Secure Internet servers (per 1 million people),IT.NET.P100,Vanuatu,VUT,374.7599194
Secure Internet servers (per 1 million people),IT.NET.P100,"Venezuela, RB",VEN,194.4517307
Secure Internet servers (per 1 million people),IT.NET.P100,Viet Nam,VNM,3082.335783
Secure Internet servers (per 1 million people),IT.NET.P100,Virgin Islands (U.S.),VIR,649.1673723
Secure Internet servers (per 1 million people),IT.NET.P100,West Bank and Gaza,PSE,535.6768484
Secure Internet servers (per 1 million people),IT.NET.P100,"Yemen, Rep.",YEM,4.676923779
Secure Internet servers (per 1 million people),IT.NET.P100,Zambia,ZMB,39.08833413
Secure Internet servers (per 1 million people),IT.NET.P100,Zimbabwe,ZWE,71.29567754
Secure Internet servers (per 1 million people),IT.NET.P100,Africa Eastern and Southern,AFE,1277.717594
Secure Internet servers (per 1 million people),IT.NET.P100,Africa Western and Central,AFW,44.07785702
Secure Internet servers (per 1 million people),IT.NET.P100,Arab World,ARB,146.3447192
Secure Internet servers (per 1 million people),IT.NET.P100,Caribbean small states,CSS,19792.55488
Secure Internet servers (per 1 million people),IT.NET.P100,Central Europe and the Baltics,CEB,32929.41023
Secure Internet servers (per 1 million people),IT.NET.P100,Early-demographic dividend,EAR,986.7822419
Secure Internet servers (per 1 million people),IT.NET.P100,East Asia & Pacific,EAS,3509.623878
Secure Internet servers (per 1 million people),IT.NET.P100,East Asia & Pacific (excluding high income),EAP,1208.868795
Secure Internet servers (per 1 million people),IT.NET.P100,East Asia & Pacific (IDA & IBRD countries),TEA,1224.007645
Secure Internet servers (per 1 million people),IT.NET.P100,Euro area,EMU,51326.12292
Secure Internet servers (per 1 million people),IT.NET.P100,Europe & Central Asia,ECS,31824.71733
Secure Internet servers (per 1 million people),IT.NET.P100,Europe & Central Asia (excluding high income),ECA,4944.882334
Secure Internet servers (per 1 million people),IT.NET.P100,Europe & Central Asia (IDA & IBRD countries),TEC,10697.61183
Secure Internet servers (per 1 million people),IT.NET.P100,European Union,EUU,50270.00188
Secure Internet servers (per 1 million people),IT.NET.P100,Fragile and conflict affected situations,FCS,440.4217387
Secure Internet servers (per 1 million people),IT.NET.P100,Heavily indebted poor countries (HIPC),HPC,23.16385139
Secure Internet servers (per 1 million people),IT.NET.P100,High income,HIC,59389.30093
Secure Internet servers (per 1 million people),IT.NET.P100,IBRD only,IBD,2137.416602
Secure Internet servers (per 1 million people),IT.NET.P100,IDA & IBRD total,IBT,1595.065564
Secure Internet servers (per 1 million people),IT.NET.P100,IDA blend,IDB,208.5232257
Secure Internet servers (per 1 million people),IT.NET.P100,IDA only,IDX,54.55737058
Secure Internet servers (per 1 million people),IT.NET.P100,IDA total,IDA,105.4910528
Secure Internet servers (per 1 million people),IT.NET.P100,Late-demographic dividend,LTE,3198.843885
Secure Internet servers (per 1 million people),IT.NET.P100,Latin America & Caribbean,LCN,1984.619252
Secure Internet servers (per 1 million people),IT.NET.P100,Latin America & Caribbean (excluding high income),LAC,1692.451196
Secure Internet servers (per 1 million people),IT.NET.P100,Latin America & the Caribbean (IDA & IBRD countries),TLA,1988.516736
Secure Internet servers (per 1 million people),IT.NET.P100,Least developed countries: UN classification,LDC,42.84619382
Secure Internet servers (per 1 million people),IT.NET.P100,Low & middle income,LMY,1032.314161
Secure Internet servers (per 1 million people),IT.NET.P100,Low income,LIC,12.75382676
Secure Internet servers (per 1 million people),IT.NET.P100,Lower middle income,LMC,381.6611185
Secure Internet servers (per 1 million people),IT.NET.P100,Middle East & North Africa,MEA,809.9608936
Secure Internet servers (per 1 million people),IT.NET.P100,Middle East & North Africa (excluding high income),MNA,579.8672394
Secure Internet servers (per 1 million people),IT.NET.P100,Middle East & North Africa (IDA & IBRD countries),TMN,580.3803646
Secure Internet servers (per 1 million people),IT.NET.P100,Middle income,MIC,1152.873198
Secure Internet servers (per 1 million people),IT.NET.P100,North America,NAC,130388.9755
Secure Internet servers (per 1 million people),IT.NET.P100,Not classified,INX,..
Secure Internet servers (per 1 million people),IT.NET.P100,OECD members,OED,57563.72208
Secure Internet servers (per 1 million people),IT.NET.P100,Other small states,OSS,14221.38065
Secure Internet servers (per 1 million people),IT.NET.P100,Pacific island small states,PSS,256.2105041
Secure Internet servers (per 1 million people),IT.NET.P100,Post-demographic dividend,PST,69945.47848
Secure Internet servers (per 1 million people),IT.NET.P100,Pre-demographic dividend,PRE,41.65330407
Secure Internet servers (per 1 million people),IT.NET.P100,Small states,SST,13249.71539
Secure Internet servers (per 1 million people),IT.NET.P100,South Asia,SAS,379.2117887
Secure Internet servers (per 1 million people),IT.NET.P100,South Asia (IDA & IBRD),TSA,379.2117887
Secure Internet servers (per 1 million people),IT.NET.P100,Sub-Saharan Africa,SSF,776.9135979
Secure Internet servers (per 1 million people),IT.NET.P100,Sub-Saharan Africa (excluding high income),SSA,771.8315402
Secure Internet servers (per 1 million people),IT.NET.P100,Sub-Saharan Africa (IDA & IBRD countries),TSS,776.9135979
Secure Internet servers (per 1 million people),IT.NET.P100,Upper middle income,UMC,1970.007934
Secure Internet servers (per 1 million people),IT.NET.P100,World,WLD,11365.20052
Individuals using the Internet (% of population),IT.NET.USER.ZS,Afghanistan,AFG,18.4
Individuals using the Internet (% of population),IT.NET.USER.ZS,Albania,ALB,72.2377
Individuals using the Internet (% of population),IT.NET.USER.ZS,Algeria,DZA,60.6534
Individuals using the Internet (% of population),IT.NET.USER.ZS,American Samoa,ASM,..
Individuals using the Internet (% of population),IT.NET.USER.ZS,Andorra,AND,93.2056
Individuals using the Internet (% of population),IT.NET.USER.ZS,Angola,AGO,36.6347
Individuals using the Internet (% of population),IT.NET.USER.ZS,Antigua and Barbuda,ATG,86.8837
Individuals using the Internet (% of population),IT.NET.USER.ZS,Argentina,ARG,85.5144
Individuals using the Internet (% of population),IT.NET.USER.ZS,Armenia,ARM,76.5077
Individuals using the Internet (% of population),IT.NET.USER.ZS,Aruba,ABW,..
Individuals using the Internet (% of population),IT.NET.USER.ZS,Australia,AUS,94.6935
Individuals using the Internet (% of population),IT.NET.USER.ZS,Austria,AUT,87.5294
Individuals using the Internet (% of population),IT.NET.USER.ZS,Azerbaijan,AZE,84.6
Individuals using the Internet (% of population),IT.NET.USER.ZS,"Bahamas, The",BHS,92.4437
Individuals using the Internet (% of population),IT.NET.USER.ZS,Bahrain,BHR,99.671
Individuals using the Internet (% of population),IT.NET.USER.ZS,Bangladesh,BGD,36.1091
Individuals using the Internet (% of population),IT.NET.USER.ZS,Barbados,BRB,72.6766
Individuals using the Internet (% of population),IT.NET.USER.ZS,Belarus,BLR,85.0879
Individuals using the Internet (% of population),IT.NET.USER.ZS,Belgium,BEL,91.5264
Individuals using the Internet (% of population),IT.NET.USER.ZS,Belize,BLZ,57.0987
Individuals using the Internet (% of population),IT.NET.USER.ZS,Benin,BEN,22.1206
Individuals using the Internet (% of population),IT.NET.USER.ZS,Bermuda,BMU,..
Individuals using the Internet (% of population),IT.NET.USER.ZS,Bhutan,BTN,76.8508
Individuals using the Internet (% of population),IT.NET.USER.ZS,Bolivia,BOL,59.9401
Individuals using the Internet (% of population),IT.NET.USER.ZS,Bosnia and Herzegovina,BIH,73.2118
Individuals using the Internet (% of population),IT.NET.USER.ZS,Botswana,BWA,67.4756
Individuals using the Internet (% of population),IT.NET.USER.ZS,Brazil,BRA,81.3427
Individuals using the Internet (% of population),IT.NET.USER.ZS,British Virgin Islands,VGB,..
Individuals using the Internet (% of population),IT.NET.USER.ZS,Brunei Darussalam,BRN,95.0503
Individuals using the Internet (% of population),IT.NET.USER.ZS,Bulgaria,BGR,70.1625
Individuals using the Internet (% of population),IT.NET.USER.ZS,Burkina Faso,BFA,15.5971
Individuals using the Internet (% of population),IT.NET.USER.ZS,Burundi,BDI,9.17302
Individuals using the Internet (% of population),IT.NET.USER.ZS,Cabo Verde,CPV,69.3734
Individuals using the Internet (% of population),IT.NET.USER.ZS,Cambodia,KHM,53.6508
Individuals using the Internet (% of population),IT.NET.USER.ZS,Cameroon,CMR,41.2264
Individuals using the Internet (% of population),IT.NET.USER.ZS,Canada,CAN,92.3
Individuals using the Internet (% of population),IT.NET.USER.ZS,Cayman Islands,CYM,..
Individuals using the Internet (% of population),IT.NET.USER.ZS,Central African Republic,CAF,8.565672483
Individuals using the Internet (% of population),IT.NET.USER.ZS,Chad,TCD,8.34311
Individuals using the Internet (% of population),IT.NET.USER.ZS,Channel Islands,CHI,..
Individuals using the Internet (% of population),IT.NET.USER.ZS,Chile,CHL,87.4593
Individuals using the Internet (% of population),IT.NET.USER.ZS,China,CHN,70.0528
Individuals using the Internet (% of population),IT.NET.USER.ZS,Colombia,COL,69.7953
Individuals using the Internet (% of population),IT.NET.USER.ZS,Comoros,COM,21.16321517
Individuals using the Internet (% of population),IT.NET.USER.ZS,"Congo, Dem. Rep.",COD,19.8388
Individuals using the Internet (% of population),IT.NET.USER.ZS,"Congo, Rep.",COG,24.8206
Individuals using the Internet (% of population),IT.NET.USER.ZS,Costa Rica,CRI,80.5302
Individuals using the Internet (% of population),IT.NET.USER.ZS,Cote d'Ivoire,CIV,36.0166
Individuals using the Internet (% of population),IT.NET.USER.ZS,Croatia,HRV,78.3209
Individuals using the Internet (% of population),IT.NET.USER.ZS,Cuba,CUB,71.1191
Individuals using the Internet (% of population),IT.NET.USER.ZS,Curacao,CUW,..
Individuals using the Internet (% of population),IT.NET.USER.ZS,Cyprus,CYP,90.8019
Individuals using the Internet (% of population),IT.NET.USER.ZS,Czechia,CZE,81.3389
Individuals using the Internet (% of population),IT.NET.USER.ZS,Denmark,DNK,96.5491
Individuals using the Internet (% of population),IT.NET.USER.ZS,Djibouti,DJI,62.5104
Individuals using the Internet (% of population),IT.NET.USER.ZS,Dominica,DMA,75.6567
Individuals using the Internet (% of population),IT.NET.USER.ZS,Dominican Republic,DOM,81.6173
Individuals using the Internet (% of population),IT.NET.USER.ZS,Ecuador,ECU,70.7
Individuals using the Internet (% of population),IT.NET.USER.ZS,"Egypt, Arab Rep.",EGY,71.9142
Individuals using the Internet (% of population),IT.NET.USER.ZS,El Salvador,SLV,54.6014
Individuals using the Internet (% of population),IT.NET.USER.ZS,Equatorial Guinea,GNQ,55.0013
Individuals using the Internet (% of population),IT.NET.USER.ZS,Eritrea,ERI,23.8002
Individuals using the Internet (% of population),IT.NET.USER.ZS,Estonia,EST,89.0583
Individuals using the Internet (% of population),IT.NET.USER.ZS,Eswatini,SWZ,49.013
Individuals using the Internet (% of population),IT.NET.USER.ZS,Ethiopia,ETH,16.0696
Individuals using the Internet (% of population),IT.NET.USER.ZS,Faroe Islands,FRO,..
Individuals using the Internet (% of population),IT.NET.USER.ZS,Fiji,FJI,83.0267
Individuals using the Internet (% of population),IT.NET.USER.ZS,Finland,FIN,92.1703
Individuals using the Internet (% of population),IT.NET.USER.ZS,France,FRA,84.7064
Individuals using the Internet (% of population),IT.NET.USER.ZS,French Polynesia,PYF,..
Individuals using the Internet (% of population),IT.NET.USER.ZS,Gabon,GAB,72.2754
Individuals using the Internet (% of population),IT.NET.USER.ZS,"Gambia, The",GMB,44.8133
Individuals using the Internet (% of population),IT.NET.USER.ZS,Georgia,GEO,72.5316
Individuals using the Internet (% of population),IT.NET.USER.ZS,Germany,DEU,89.8129
Individuals using the Internet (% of population),IT.NET.USER.ZS,Ghana,GHA,62.5176
Individuals using the Internet (% of population),IT.NET.USER.ZS,Gibraltar,GIB,..
Individuals using the Internet (% of population),IT.NET.USER.ZS,Greece,GRC,78.1158
Individuals using the Internet (% of population),IT.NET.USER.ZS,Greenland,GRL,..
Individuals using the Internet (% of population),IT.NET.USER.ZS,Grenada,GRD,73.2676
Individuals using the Internet (% of population),IT.NET.USER.ZS,Guam,GUM,..
Individuals using the Internet (% of population),IT.NET.USER.ZS,Guatemala,GTM,47.5123
Individuals using the Internet (% of population),IT.NET.USER.ZS,Guinea,GIN,29.3934
Individuals using the Internet (% of population),IT.NET.USER.ZS,Guinea-Bissau,GNB,28.1686
Individuals using the Internet (% of population),IT.NET.USER.ZS,Guyana,GUY,73.1413
Individuals using the Internet (% of population),IT.NET.USER.ZS,Haiti,HTI,36.39474796
Individuals using the Internet (% of population),IT.NET.USER.ZS,Honduras,HND,45.2483
Individuals using the Internet (% of population),IT.NET.USER.ZS,"Hong Kong SAR, China",HKG,92.4131
Individuals using the Internet (% of population),IT.NET.USER.ZS,Hungary,HUN,84.7712
Individuals using the Internet (% of population),IT.NET.USER.ZS,Iceland,ISL,99.5328
Individuals using the Internet (% of population),IT.NET.USER.ZS,India,IND,43.4054
Individuals using the Internet (% of population),IT.NET.USER.ZS,Indonesia,IDN,53.7265
Individuals using the Internet (% of population),IT.NET.USER.ZS,"Iran, Islamic Rep.",IRN,75.5699
Individuals using the Internet (% of population),IT.NET.USER.ZS,Iraq,IRQ,53.6778
Individuals using the Internet (% of population),IT.NET.USER.ZS,Ireland,IRL,91.9999
Individuals using the Internet (% of population),IT.NET.USER.ZS,Isle of Man,IMN,..
Individuals using the Internet (% of population),IT.NET.USER.ZS,Israel,ISR,90.1273
Individuals using the Internet (% of population),IT.NET.USER.ZS,Italy,ITA,70.4834
Individuals using the Internet (% of population),IT.NET.USER.ZS,Jamaica,JAM,76.384
Individuals using the Internet (% of population),IT.NET.USER.ZS,Japan,JPN,90.2195
Individuals using the Internet (% of population),IT.NET.USER.ZS,Jordan,JOR,78.4178
Individuals using the Internet (% of population),IT.NET.USER.ZS,Kazakhstan,KAZ,85.9426
Individuals using the Internet (% of population),IT.NET.USER.ZS,Kenya,KEN,27.5774
Individuals using the Internet (% of population),IT.NET.USER.ZS,Kiribati,KIR,52.0585
Individuals using the Internet (% of population),IT.NET.USER.ZS,"Korea, Dem. People's Rep.",PRK,..
Individuals using the Internet (% of population),IT.NET.USER.ZS,"Korea, Rep.",KOR,96.5051
Individuals using the Internet (% of population),IT.NET.USER.ZS,Kosovo,XKX,..
Individuals using the Internet (% of population),IT.NET.USER.ZS,Kuwait,KWT,99.1059
Individuals using the Internet (% of population),IT.NET.USER.ZS,Kyrgyz Republic,KGZ,72
Individuals using the Internet (% of population),IT.NET.USER.ZS,Lao PDR,LAO,54
Individuals using the Internet (% of population),IT.NET.USER.ZS,Latvia,LVA,88.898
Individuals using the Internet (% of population),IT.NET.USER.ZS,Lebanon,LBN,87.8607
Individuals using the Internet (% of population),IT.NET.USER.ZS,Lesotho,LSO,40.4172
Individuals using the Internet (% of population),IT.NET.USER.ZS,Liberia,LBR,27.4519
Individuals using the Internet (% of population),IT.NET.USER.ZS,Libya,LBY,87.5754
Individuals using the Internet (% of population),IT.NET.USER.ZS,Liechtenstein,LIE,94.3499
Individuals using the Internet (% of population),IT.NET.USER.ZS,Lithuania,LTU,83.0555
Individuals using the Internet (% of population),IT.NET.USER.ZS,Luxembourg,LUX,98.4596
Individuals using the Internet (% of population),IT.NET.USER.ZS,"Macao SAR, China",MAC,87.4623
Individuals using the Internet (% of population),IT.NET.USER.ZS,Madagascar,MDG,15.8196
Individuals using the Internet (% of population),IT.NET.USER.ZS,Malawi,MWI,22.2466
Individuals using the Internet (% of population),IT.NET.USER.ZS,Malaysia,MYS,89.555
Individuals using the Internet (% of population),IT.NET.USER.ZS,Maldives,MDV,79.0978
Individuals using the Internet (% of population),IT.NET.USER.ZS,Mali,MLI,28.3043
Individuals using the Internet (% of population),IT.NET.USER.ZS,Malta,MLT,86.8588
Individuals using the Internet (% of population),IT.NET.USER.ZS,Marshall Islands,MHL,71.2288
Individuals using the Internet (% of population),IT.NET.USER.ZS,Mauritania,MRT,41.0726
Individuals using the Internet (% of population),IT.NET.USER.ZS,Mauritius,MUS,67.7329
Individuals using the Internet (% of population),IT.NET.USER.ZS,Mexico,MEX,71.4902
Individuals using the Internet (% of population),IT.NET.USER.ZS,"Micronesia, Fed. Sts.",FSM,39.3833
Individuals using the Internet (% of population),IT.NET.USER.ZS,Moldova,MDA,58.2153
Individuals using the Internet (% of population),IT.NET.USER.ZS,Monaco,MCO,98.5709
Individuals using the Internet (% of population),IT.NET.USER.ZS,Mongolia,MNG,62.5
Individuals using the Internet (% of population),IT.NET.USER.ZS,Montenegro,MNE,77.6088
Individuals using the Internet (% of population),IT.NET.USER.ZS,Morocco,MAR,84.1204
Individuals using the Internet (% of population),IT.NET.USER.ZS,Mozambique,MOZ,17.8299
Individuals using the Internet (% of population),IT.NET.USER.ZS,Myanmar,MMR,41.95429049
Individuals using the Internet (% of population),IT.NET.USER.ZS,Namibia,NAM,57.8608
Individuals using the Internet (% of population),IT.NET.USER.ZS,Nauru,NRU,81.6554
Individuals using the Internet (% of population),IT.NET.USER.ZS,Nepal,NPL,37.6984
Individuals using the Internet (% of population),IT.NET.USER.ZS,Netherlands,NLD,91.3333
Individuals using the Internet (% of population),IT.NET.USER.ZS,New Caledonia,NCL,..
Individuals using the Internet (% of population),IT.NET.USER.ZS,New Zealand,NZL,95.2342
Individuals using the Internet (% of population),IT.NET.USER.ZS,Nicaragua,NIC,54.8543
Individuals using the Internet (% of population),IT.NET.USER.ZS,Niger,NER,13.8406
Individuals using the Internet (% of population),IT.NET.USER.ZS,Nigeria,NGA,31.8888
Individuals using the Internet (% of population),IT.NET.USER.ZS,North Macedonia,MKD,81.4055
Individuals using the Internet (% of population),IT.NET.USER.ZS,Northern Mariana Islands,MNP,..
Individuals using the Internet (% of population),IT.NET.USER.ZS,Norway,NOR,94.6076
Individuals using the Internet (% of population),IT.NET.USER.ZS,Oman,OMN,95.2323
Individuals using the Internet (% of population),IT.NET.USER.ZS,Pakistan,PAK,18.9348
Individuals using the Internet (% of population),IT.NET.USER.ZS,Palau,PLW,..
Individuals using the Internet (% of population),IT.NET.USER.ZS,Panama,PAN,72.61
Individuals using the Internet (% of population),IT.NET.USER.ZS,Papua New Guinea,PNG,24.3969
Individuals using the Internet (% of population),IT.NET.USER.ZS,Paraguay,PRY,73.9575
Individuals using the Internet (% of population),IT.NET.USER.ZS,Peru,PER,65.2518
Individuals using the Internet (% of population),IT.NET.USER.ZS,Philippines,PHL,53.7649
Individuals using the Internet (% of population),IT.NET.USER.ZS,Poland,POL,83.1849
Individuals using the Internet (% of population),IT.NET.USER.ZS,Portugal,PRT,78.2617
Individuals using the Internet (% of population),IT.NET.USER.ZS,Puerto Rico,PRI,..
Individuals using the Internet (% of population),IT.NET.USER.ZS,Qatar,QAT,99.6528
Individuals using the Internet (% of population),IT.NET.USER.ZS,Romania,ROU,78.4553
Individuals using the Internet (% of population),IT.NET.USER.ZS,Russian Federation,RUS,84.9947
Individuals using the Internet (% of population),IT.NET.USER.ZS,Rwanda,RWA,23.8
Individuals using the Internet (% of population),IT.NET.USER.ZS,Samoa,WSM,69.9561
Individuals using the Internet (% of population),IT.NET.USER.ZS,San Marino,SMR,77.95
Individuals using the Internet (% of population),IT.NET.USER.ZS,Sao Tome and Principe,STP,51.5547
Individuals using the Internet (% of population),IT.NET.USER.ZS,Saudi Arabia,SAU,97.8623
Individuals using the Internet (% of population),IT.NET.USER.ZS,Senegal,SEN,53.3088
Individuals using the Internet (% of population),IT.NET.USER.ZS,Serbia,SRB,78.368
Individuals using the Internet (% of population),IT.NET.USER.ZS,Seychelles,SYC,84.8223
Individuals using the Internet (% of population),IT.NET.USER.ZS,Sierra Leone,SLE,27.4681
Individuals using the Internet (% of population),IT.NET.USER.ZS,Singapore,SGP,92.0043
Individuals using the Internet (% of population),IT.NET.USER.ZS,Sint Maarten (Dutch part),SXM,..
Individuals using the Internet (% of population),IT.NET.USER.ZS,Slovak Republic,SVK,89.9209
Individuals using the Internet (% of population),IT.NET.USER.ZS,Slovenia,SVN,86.6013
Individuals using the Internet (% of population),IT.NET.USER.ZS,Solomon Islands,SLB,39.5527
Individuals using the Internet (% of population),IT.NET.USER.ZS,Somalia,SOM,15.0237
Individuals using the Internet (% of population),IT.NET.USER.ZS,South Africa,ZAF,72.1128
Individuals using the Internet (% of population),IT.NET.USER.ZS,South Sudan,SSD,9.27123
Individuals using the Internet (% of population),IT.NET.USER.ZS,Spain,ESP,93.2056
Individuals using the Internet (% of population),IT.NET.USER.ZS,Sri Lanka,LKA,36.1847
Individuals using the Internet (% of population),IT.NET.USER.ZS,St. Kitts and Nevis,KNA,70.2753
Individuals using the Internet (% of population),IT.NET.USER.ZS,St. Lucia,LCA,75.8162
Individuals using the Internet (% of population),IT.NET.USER.ZS,St. Martin (French part),MAF,..
Individuals using the Internet (% of population),IT.NET.USER.ZS,St. Vincent and the Grenadines,VCT,77.4269
Individuals using the Internet (% of population),IT.NET.USER.ZS,Sudan,SDN,26.4383
Individuals using the Internet (% of population),IT.NET.USER.ZS,Suriname,SUR,69.8369
Individuals using the Internet (% of population),IT.NET.USER.ZS,Sweden,SWE,94.5394
Individuals using the Internet (% of population),IT.NET.USER.ZS,Switzerland,CHE,94.3499
Individuals using the Internet (% of population),IT.NET.USER.ZS,Syrian Arab Republic,SYR,35.78
Individuals using the Internet (% of population),IT.NET.USER.ZS,Tajikistan,TJK,27.5441
Individuals using the Internet (% of population),IT.NET.USER.ZS,Tanzania,TZA,25.6424
Individuals using the Internet (% of population),IT.NET.USER.ZS,Thailand,THA,77.8437
Individuals using the Internet (% of population),IT.NET.USER.ZS,Timor-Leste,TLS,32.0127
Individuals using the Internet (% of population),IT.NET.USER.ZS,Togo,TGO,29.0237
Individuals using the Internet (% of population),IT.NET.USER.ZS,Tonga,TON,66.64843101
Individuals using the Internet (% of population),IT.NET.USER.ZS,Trinidad and Tobago,TTO,77.2813
Individuals using the Internet (% of population),IT.NET.USER.ZS,Tunisia,TUN,68.5564
Individuals using the Internet (% of population),IT.NET.USER.ZS,Turkiye,TUR,77.6696
Individuals using the Internet (% of population),IT.NET.USER.ZS,Turkmenistan,TKM,..
Individuals using the Internet (% of population),IT.NET.USER.ZS,Turks and Caicos Islands,TCA,..
Individuals using the Internet (% of population),IT.NET.USER.ZS,Tuvalu,TUV,75.4424
Individuals using the Internet (% of population),IT.NET.USER.ZS,Uganda,UGA,7.4
Individuals using the Internet (% of population),IT.NET.USER.ZS,Ukraine,UKR,75.0379
Individuals using the Internet (% of population),IT.NET.USER.ZS,United Arab Emirates,ARE,100
Individuals using the Internet (% of population),IT.NET.USER.ZS,United Kingdom,GBR,94.8182
Individuals using the Internet (% of population),IT.NET.USER.ZS,United States,USA,96.5768
Individuals using the Internet (% of population),IT.NET.USER.ZS,Uruguay,URY,85.471
Individuals using the Internet (% of population),IT.NET.USER.ZS,Uzbekistan,UZB,71.1
Individuals using the Internet (% of population),IT.NET.USER.ZS,Vanuatu,VUT,64.286
Individuals using the Internet (% of population),IT.NET.USER.ZS,"Venezuela, RB",VEN,..
Individuals using the Internet (% of population),IT.NET.USER.ZS,Viet Nam,VNM,70.3
Individuals using the Internet (% of population),IT.NET.USER.ZS,Virgin Islands (U.S.),VIR,..
Individuals using the Internet (% of population),IT.NET.USER.ZS,West Bank and Gaza,PSE,76.01
Individuals using the Internet (% of population),IT.NET.USER.ZS,"Yemen, Rep.",YEM,13.8152
Individuals using the Internet (% of population),IT.NET.USER.ZS,Zambia,ZMB,24.4992
Individuals using the Internet (% of population),IT.NET.USER.ZS,Zimbabwe,ZWE,29.2986
Individuals using the Internet (% of population),IT.NET.USER.ZS,Africa Eastern and Southern,AFE,26
Individuals using the Internet (% of population),IT.NET.USER.ZS,Africa Western and Central,AFW,32.4
Individuals using the Internet (% of population),IT.NET.USER.ZS,Arab World,ARB,60.26430276
Individuals using the Internet (% of population),IT.NET.USER.ZS,Caribbean small states,CSS,73.61023384
Individuals using the Internet (% of population),IT.NET.USER.ZS,Central Europe and the Baltics,CEB,81.78813906
Individuals using the Internet (% of population),IT.NET.USER.ZS,Early-demographic dividend,EAR,48.09199874
Individuals using the Internet (% of population),IT.NET.USER.ZS,East Asia & Pacific,EAS,69
Individuals using the Internet (% of population),IT.NET.USER.ZS,East Asia & Pacific (excluding high income),EAP,66.50887414
Individuals using the Internet (% of population),IT.NET.USER.ZS,East Asia & Pacific (IDA & IBRD countries),TEA,67.2
Individuals using the Internet (% of population),IT.NET.USER.ZS,Euro area,EMU,85.20381391
Individuals using the Internet (% of population),IT.NET.USER.ZS,Europe & Central Asia,ECS,83.4
Individuals using the Internet (% of population),IT.NET.USER.ZS,Europe & Central Asia (excluding high income),ECA,74.95730697
Individuals using the Internet (% of population),IT.NET.USER.ZS,Europe & Central Asia (IDA & IBRD countries),TEC,78.6
Individuals using the Internet (% of population),IT.NET.USER.ZS,European Union,EUU,84.76970086
Individuals using the Internet (% of population),IT.NET.USER.ZS,Fragile and conflict affected situations,FCS,31.9
Individuals using the Internet (% of population),IT.NET.USER.ZS,Heavily indebted poor countries (HIPC),HPC,24.31884247
Individuals using the Internet (% of population),IT.NET.USER.ZS,High income,HIC,90
Individuals using the Internet (% of population),IT.NET.USER.ZS,IBRD only,IBD,62.8
Individuals using the Internet (% of population),IT.NET.USER.ZS,IDA & IBRD total,IBT,53.8
Individuals using the Internet (% of population),IT.NET.USER.ZS,IDA blend,IDB,29.1
Individuals using the Internet (% of population),IT.NET.USER.ZS,IDA only,IDX,28.9
Individuals using the Internet (% of population),IT.NET.USER.ZS,IDA total,IDA,28.9
Individuals using the Internet (% of population),IT.NET.USER.ZS,Late-demographic dividend,LTE,73.61347079
Individuals using the Internet (% of population),IT.NET.USER.ZS,Latin America & Caribbean,LCN,74.1
Individuals using the Internet (% of population),IT.NET.USER.ZS,Latin America & Caribbean (excluding high income),LAC,73.44521285
Individuals using the Internet (% of population),IT.NET.USER.ZS,Latin America & the Caribbean (IDA & IBRD countries),TLA,74.2
Individuals using the Internet (% of population),IT.NET.USER.ZS,Least developed countries: UN classification,LDC,25.32454155
Individuals using the Internet (% of population),IT.NET.USER.ZS,Low & middle income,LMY,52.28885393
Individuals using the Internet (% of population),IT.NET.USER.ZS,Low income,LIC,18.8
Individuals using the Internet (% of population),IT.NET.USER.ZS,Lower middle income,LMC,43.4
Individuals using the Internet (% of population),IT.NET.USER.ZS,Middle East & North Africa,MEA,69.8
Individuals using the Internet (% of population),IT.NET.USER.ZS,Middle East & North Africa (excluding high income),MNA,64.48026437
Individuals using the Internet (% of population),IT.NET.USER.ZS,Middle East & North Africa (IDA & IBRD countries),TMN,65.1
Individuals using the Internet (% of population),IT.NET.USER.ZS,Middle income,MIC,56.15206018
Individuals using the Internet (% of population),IT.NET.USER.ZS,North America,NAC,96.1
Individuals using the Internet (% of population),IT.NET.USER.ZS,Not classified,INX,..
Individuals using the Internet (% of population),IT.NET.USER.ZS,OECD members,OED,87.65141357
Individuals using the Internet (% of population),IT.NET.USER.ZS,Other small states,OSS,70.36821571
Individuals using the Internet (% of population),IT.NET.USER.ZS,Pacific island small states,PSS,62.92642392
Individuals using the Internet (% of population),IT.NET.USER.ZS,Post-demographic dividend,PST,90.39198245
Individuals using the Internet (% of population),IT.NET.USER.ZS,Pre-demographic dividend,PRE,26.41883271
Individuals using the Internet (% of population),IT.NET.USER.ZS,Small states,SST,70.7
Individuals using the Internet (% of population),IT.NET.USER.ZS,South Asia,SAS,39.06064304
Individuals using the Internet (% of population),IT.NET.USER.ZS,South Asia (IDA & IBRD),TSA,39.06064304
Individuals using the Internet (% of population),IT.NET.USER.ZS,Sub-Saharan Africa,SSF,28.6
Individuals using the Internet (% of population),IT.NET.USER.ZS,Sub-Saharan Africa (excluding high income),SSA,28.37390767
Individuals using the Internet (% of population),IT.NET.USER.ZS,Sub-Saharan Africa (IDA & IBRD countries),TSS,28.6
Individuals using the Internet (% of population),IT.NET.USER.ZS,Upper middle income,UMC,70.3
Individuals using the Internet (% of population),IT.NET.USER.ZS,World,WLD,59.3
,,,,
,,,,
,,,,